Thw,Thwi,Tcw,Tcwi,mc,Tcwo
63.4,60.1,15,15,3.1,42
63.4,60.1,15,15,3,42.1
63.4,60.1,15,15,3.1,42.2
63.5,60.1,15.1,15,3.1,42.5
63.4,60.1,15.1,15,3,42.5
63.5,60.1,15.2,15,3.1,42.6
63.5,60.1,15.1,15,3.1,42.7
63.4,60.1,15.1,15,3.1,42.7
63.4,60.1,15.1,15,3.1,42.8
63.4,60.1,15.1,15,3.1,42.8
63.4,60.1,15,15,3.1,42.8
63.4,60.1,15.2,15,3.1,42.8
63.4,60.1,15.1,15,3.1,43
63.4,60.1,15.2,15,3.1,43
63.3,60.1,15.1,15,3.1,43
63.4,60.1,15,15,3.1,43
63.3,60.1,15.1,15,3.1,43
63.3,60.1,15.2,15,3.1,43.3
63.4,60.1,15,15,3,43.3
63.3,60.1,15,15,3.1,43.3
63.3,60.1,15,15,3,43.2
63.4,60.1,15,15,3,43.2
63.3,60.1,15,15,3,43.2
63.3,60.1,15,15,3.1,43.3
63.4,60.1,15.1,15,3.1,43.3
63.4,60.1,15.1,15,3.1,43.3
63.4,60.1,15.1,15,3,43.3
63.4,60.1,15.1,15,3.1,43.3
63.3,60.1,15.1,15,3.1,43.3
63.4,60.1,15.1,15,3.1,43.3
63.4,60.1,15.1,15,3.1,43.3
63.4,60.1,15.1,15,3,43.3
63.4,60.1,15.1,15,3,43.5
63.3,60.1,15,15,3,43.4
63.3,60.1,15.1,15,3,43.7
63.4,60.1,15.1,15,3,43.5
63.4,60.1,15,15,3.1,43.5
63.3,60.1,15,15,3.1,43.5
63.4,60.1,15,15,3,43.5
63.3,60.1,15.1,15,3,43.5
63.4,60.1,15,15,3.1,43.5
63.3,60.1,15,15,3.1,43.5
63.3,60.1,15,15,3.1,43.5
63.3,60.1,15,15,3,43.5
63.3,60.1,15,15,3.1,43.5
63.4,60.1,15,15,3.1,43.5
63.3,60.1,15,15,3.1,43.5
63.3,60.1,14.9,15,3,43.5
63.3,60.1,14.9,15,3.1,43.5
63.3,60.1,15,15,3.1,43.5
63.3,60.1,15.1,15,3.1,43.5
63.3,60.1,15,15,3,43.5
63.3,60.1,15,15,3.1,43.5
63.4,60.3,15,15,3,43.5
63.2,60.3,15,15,3.1,43.6
63.3,60.3,15,15,3.1,43.6
63.3,60.3,15,15,3,43.6
63.3,60.3,15,15,3,43.6
63.2,60,14.9,15,3.1,43.6
63.3,60,15,15,3,43.6
63.3,60,15,15,3.1,44.2
63.3,60,15,15,3.1,43.8
63.2,60,15.1,15,3.1,43.7
63.2,60,15,15,3,43.7
63.2,60,15,15,3,43.7
63.2,60,15.1,15,3.1,43.9
63.2,60,15.1,15,3.1,43.9
63.2,60,15,15,3.1,43.9
63.2,60,15,15,3,43.9
63.3,60,15,15,3,43.9
63.2,60,15,15,3.1,43.9
63.1,60,15,15,3.1,43.9
63.2,60,15,15,3,43.9
63.2,60,15.1,15,3.1,43.7
63.2,60,15,15,3,43.9
63.2,60,15.1,15,3.1,43.6
63.3,60,15.1,15,3,43.9
63.2,60,15.1,15,3.1,43.6
63.2,60,15,15,3.1,43.6
63.2,60,15,15,3.1,43.9
63.2,60,15,15,3.1,43.9
63,60,15,15,3.1,43.7
63.1,60,15,15,3,43.7
63.1,60,15,15,3.1,43.8
63.1,60,15,15,3.1,43.6
63.1,60,15,15,3,43.9
63.1,60,15,15,3,43.7
63.1,60,14.9,15,3.1,43.7
63.1,60,15,15,3.1,43.7
63.2,60,14.9,15,3.1,43.7
61.1,60,15,14.9,3,43.6
60.8,60,15,14.9,3.1,43.6
60.5,60,15,14.9,3.1,43.6
60.4,60,15.1,14.9,3.1,43.6
60.3,60,15.1,14.8,3.1,43.7
60.2,60,15.1,14.8,3,43.7
60,60,15.1,14.8,3.1,43.7
60.1,60,15.1,14.8,3,43.7
60,60,15,14.9,3.1,43.7
60,60,15,14.9,3.1,43.7
60,60,15,14.9,3.1,43.7
60,60,15,14.9,3,43.7
60,60,15,14.9,3.1,43.7
60,60,15.1,14.9,3.1,43.8
60,60,15,14.9,3.1,43.7
60,60,15,14.9,3.1,43.8
59.9,60,15.1,14.9,3,43.6
59.9,60,15,14.9,3.1,43.6
63.8,60.2,15.4,15.1,4,40.4
63.7,60.2,15.4,15.1,4.1,40.4
63.7,60.2,15.4,15.1,4.1,40.4
63.7,60.2,15.3,15.1,4,40.5
63.7,60.2,15.4,15.1,4,40.5
63.7,60.2,15.4,15.1,4,40.5
63.7,60.2,15.3,15.1,4,40.5
63.7,60.2,15.4,15.1,4.1,40.5
63.7,60.2,15.3,15.1,4,40.5
63.8,60.2,15.4,14.9,4,40.5
63.8,60.2,15.4,14.9,4,40.5
63.8,60.2,15.5,14.9,4.1,40.4
63.8,60.2,15.5,14.9,4,40.5
63.8,60.2,15.5,14.9,4,40.5
63.8,60.2,15.4,14.9,4.1,40.5
63.8,60.2,15.3,14.9,4.1,40.5
63.8,60.2,15.5,14.9,4.1,40.5
63.8,60.2,15.4,14.9,4.1,40.5
63.7,60.2,15.5,14.9,4.1,40.5
63.8,60.2,15.4,14.9,4.1,40.5
63.8,60.2,15.5,14.9,4.1,40.5
63.8,60.2,15.4,14.9,4,40.5
63.8,60.2,15.5,14.9,4.1,40.5
63.8,60.2,15.4,14.9,4.1,40.4
63.7,60.2,15.4,14.9,4.1,40.4
63.7,60.2,15.5,14.9,4.1,40.4
63.8,60.2,15.5,14.9,4.1,40.5
63.8,60.2,15.4,14.9,4.1,40.5
63.8,60.2,15.4,14.9,4.1,40.5
63.8,60.2,15.4,14.9,4.1,40.5
63.8,60.2,15.5,14.9,4.1,40.5
63.7,60.2,15.5,14.9,4.1,40.5
63.8,60.2,15.4,14.9,4.1,40.5
63.8,60.2,15.4,14.9,4.1,40.5
63.8,60.2,15.5,14.9,4.1,40.5
63.8,60.2,15.5,14.9,4.1,40.4
63.8,60.2,15.4,14.9,4.1,40.5
63.7,60.2,15.5,14.9,4,40.4
63.7,60.2,15.4,14.9,4.1,40.4
63.7,60.2,15.5,14.9,4,40.4
63.8,60.2,15.5,14.9,4,40.4
63.8,60.2,15.5,14.9,4.1,40.4
63.8,60.2,15.5,14.9,4,40.4
63.6,60.2,15.3,14.9,4.1,40.4
63.6,60.2,15.4,14.9,4.1,40.4
63.7,60.2,15.4,14.9,4,40.5
63.7,60.2,15.5,14.9,4,40.5
63.8,60.2,15.5,14.9,4.1,40.5
63.8,60.2,15.4,14.9,4.1,40.5
63.7,60.2,15.5,14.9,4.1,40.5
63.8,60.2,15.5,14.9,4.1,40.5
63.7,60.2,15.5,14.9,4,40.5
63.8,60.2,15.5,14.9,4.1,40.5
63.7,60.2,15.3,14.9,4.1,40.5
63.7,60.2,15.5,14.9,4.1,40.5
63.8,60.2,15.5,14.9,4.1,40.5
63.7,60.2,15.5,14.9,4.1,40.3
63.7,60.2,15.5,14.9,4,40.5
63.7,60.2,15.5,14.9,4.1,40.5
63.8,60.2,15.5,14.9,4.1,40.5
63.8,60.2,15.5,14.9,4.1,40.5
63.8,60.2,15.4,14.9,4.1,40.5
63.7,60.2,15.4,14.9,4.1,40.5
63.7,60.2,15.5,14.9,4,40.3
63.7,60.2,15.5,14.9,4.1,40.3
63.7,60.2,15.4,14.9,4.1,40.3
63.7,60.2,15.4,14.9,4,40.3
63.7,60.2,15.5,14.9,4.1,40.3
63.7,60.2,15.4,14.9,4.1,40.3
63.8,60.2,15.4,14.9,4.1,40.3
63.7,60.2,15.4,14.9,4,40.3
63.7,60.2,15.5,14.9,4.1,40.3
63.7,60.2,15.5,14.9,4.1,40.3
63.7,60.2,15.4,14.9,4.1,40.3
63.8,60.2,15.4,14.9,4.1,40.3
63.8,60.2,15.5,14.9,4.1,40.3
63.7,60.2,15.5,14.9,4,40.3
63.7,60.2,15.5,14.9,4.1,40.3
63.7,60.2,15.4,14.9,4.1,40.3
63.8,60.2,15.5,14.9,4.1,40.3
63.7,60.2,15.5,14.9,4.1,40.3
63.8,60.2,15.4,14.9,4.1,40.3
63.7,60.2,15.5,14.9,4.1,40.3
63.7,60.2,15.5,14.9,4.1,40.3
63.7,60.2,15.4,14.9,4.1,40.3
63.7,60.2,15.5,14.9,4,40.3
63.7,60.2,15.5,14.9,4,40.3
63.7,60.2,15.5,14.9,4.1,40.3
63.8,60.2,15.5,14.9,4.1,40.3
63.9,60.2,15.5,14.9,4,40.3
63.8,60.2,15.5,14.9,4,40.3
63.8,60.2,15.5,14.9,4.1,40.3
63.7,60.2,15.5,14.9,4.1,40.3
63.7,60.2,15.4,14.9,4,40.3
63.6,60.2,15.4,14.9,4.1,40.3
63.8,60.2,15.6,14.9,4.1,40.3
63.7,60.2,15.6,14.9,4.1,40.5
63.7,60.2,15.5,14.9,4.1,40.5
63.7,60.2,15.5,14.9,4.1,40.5
63.7,60.2,15.5,14.9,4,40.2
63.8,60.2,15.6,14.9,4.1,40.3
63.7,60.2,15.5,14.9,4,40.3
63.7,60.2,15.5,14.9,4.1,40.3
63.7,60.2,15.5,14.9,4,40.1
63.8,60.2,15.6,14.9,4.1,40.1
63.7,60.2,15.5,14.9,4.1,40.5
63.7,60.2,15.5,14.9,4.1,40.5
63.8,60.2,15.5,14.9,4.1,40.2
63.7,60.2,15.5,14.9,4.1,40.4
63.7,60.2,15.5,14.9,4.1,40.5
63.7,60.2,15.5,14.9,4.1,40.5
63.7,60.2,15.5,14.9,4.1,40.3
63.7,60.2,15.5,14.9,4.1,40.3
63.9,60.2,15.6,14.9,4.1,40.3
63.8,60.2,15.6,14.9,4.1,40.3
63.8,60.2,15.5,14.9,4.1,40.2
63.8,60.2,15.4,14.9,4.1,40.3
63.7,60.2,15.4,14.9,4,40.3
63.7,60.2,15.5,14.9,4.1,40.3
63.7,60.2,15.5,14.9,4.1,40.3
63.7,60.2,15.5,14.9,4,40.3
63.7,60.2,15.6,14.9,4,40.3
63.7,60.2,15.5,14.9,4.1,40.3
63.7,60.2,15.5,14.9,4,40.3
63.7,60.2,15.5,14.9,4.1,40.3
63.8,60.2,15.6,14.9,4,40.4
63.8,60.2,15.6,14.9,4.1,40.4
63.6,60.2,15.6,14.9,4.1,40.4
63.7,60.2,15.7,14.9,4.1,40.4
63.7,60.2,15.5,14.9,4.1,40.4
63.7,60.2,15.7,14.9,4.1,40.4
63.7,60.2,15.5,14.9,4.1,40.4
63.7,60.2,15.6,14.9,4.1,40.4
63.6,60.2,15.5,14.9,4.1,40.4
63.7,60.2,15.5,14.9,4,40.4
63.7,60.2,15.6,14.9,4.1,40.4
63.7,60.2,15.6,14.9,4,40.4
63.8,60.2,15.7,14.9,4.1,40.4
63.8,60.2,15.7,14.9,4.1,40.4
63.8,60.2,15.6,14.9,4,40.4
63.8,60.2,15.7,14.9,4.1,40.4
63.7,60.2,15.6,14.9,4.1,40.4
63.8,60.2,15.6,14.9,4.1,40.4
63.7,60.2,15.6,14.9,4,40.6
63.8,60.2,15.6,14.9,4.1,40.3
63.6,60.2,15.5,14.9,4.1,40.3
63.7,60.2,15.6,14.9,4,40.3
63.7,60.2,15.6,14.9,4,40.3
63.7,60.2,15.6,14.9,4,40.3
63.7,60.2,15.6,14.9,4.1,40.3
63.7,60.2,15.6,14.9,4.1,40.3
63.6,60.2,15.6,15.1,4.1,40.3
63.7,60.2,15.7,15.1,4,40.3
63.7,60.2,15.6,15.1,4,40.3
63.7,60.2,15.6,15.1,4,40.3
63.6,60.2,15.6,15.1,4.1,40.3
63.8,60.2,15.7,15.1,4.1,40.3
63.8,60.2,15.6,15.1,4.1,40.4
63.8,60.2,15.7,15.1,4.1,40.4
63.8,60.2,15.7,15.1,4.1,40.4
63.8,60.2,15.7,15.1,4.1,40.3
63.7,60.2,15.6,15.1,4.1,40.3
63.7,60.2,15.7,15.1,4.1,40.3
63.6,60.2,15.7,15.1,4.1,40.3
63.7,60.2,15.7,15.1,4.1,40.3
63.7,60.2,15.7,15.1,4.1,40.3
63.7,60.2,15.7,15.1,4.1,40.3
63.8,60.2,15.7,15.1,4.1,40.3
63.7,60.2,15.8,15.1,4.1,40.3
63.7,60.2,15.8,15.1,4.1,40.3
63.7,60.2,15.7,15.1,4,40.3
63.8,60.2,15.7,15.1,4,40.3
63.8,60.2,15.7,15.1,4.1,40.3
63.7,60.2,15.7,15.1,4.1,40.3
63.7,60.2,15.7,15.1,4,40.3
63.7,60.2,15.8,15.1,4.1,40.3
63.7,60.2,15.8,15.1,4.1,40.3
63.6,60.2,15.8,15.1,4.1,40.6
63.7,60.2,15.8,15.1,4,40.4
63.7,60.2,15.8,15.1,4.1,40.4
63.7,60.2,15.8,15.1,4.1,40.4
63.7,60.2,15.8,15.1,4.1,40.4
63.7,60.2,15.8,15.1,4.1,40.4
63.8,60,15.8,15.1,4.1,40.3
63.7,60,15.8,15.1,4,40.3
63.8,60,15.8,15.1,4.1,40.3
63.7,60,15.8,15.1,4.1,40.3
63.7,59.9,15.9,15.1,4.1,40.3
63.6,59.9,15.9,15.1,4.1,40.3
63.8,59.9,15.9,15.1,4.1,40.3
63.7,59.9,15.8,15.1,4,40.3
63.8,59.9,15.8,15.1,4.1,40.3
63.7,59.9,15.8,15.1,4,40.3
63.7,59.9,15.9,15.1,4,40.3
63.7,59.9,15.8,15.1,4.1,40.3
63.7,59.9,15.9,15.1,4.1,40.3
63.6,60,16.5,15.1,4.1,40.5
63.7,60,16.5,15.1,4.1,40.5
63.7,60,16.6,15.1,4,40.2
63.7,60,16.6,15.1,4,40.2
63.7,60,16.6,15.1,4.1,40.3
63.6,60.2,16.7,15.1,4.1,40.3
63.7,60.1,16.8,15.1,4.1,40.3
63.7,60.2,16.8,15.1,4.1,40.2
63.6,60.1,16.8,15.1,4,40.2
63.6,60.1,17,15.1,4.1,40.2
63.6,60.1,17,15.1,4.1,40.2
63.6,60.1,17.1,15.1,4.1,40.2
63.6,60.1,17.2,15.1,4,40.5
63.7,60.1,17.3,15.1,4.1,40.3
63.6,60.1,17.5,15.1,4,40.3
63.6,60.1,18.2,15.1,4.1,40.4
63.5,60.2,19.2,15.1,4.1,40.2
63.6,60.2,19.6,15.1,4,40.2
63.6,60.2,19.9,15.1,4,40.2
63.6,60.2,20.2,15.1,4.1,40.2
63.6,60.2,20.5,15.1,4.1,40.4
63.7,60.2,20.7,15.1,4.1,40.4
63.5,60.2,20.9,15.1,4.1,40.5
63.6,60.2,21.2,15.1,4.1,40.5
63.6,60.2,21.4,15.1,4,40.4
63.6,59.9,21.6,15.1,4,40.5
63.5,59.9,21.9,15.1,4,40.3
63.6,59.9,22.3,15.1,4.1,40.3
63.7,59.9,22.7,15.1,4.1,40.2
63.7,59.9,23.2,15.1,4.1,40.5
63.6,59.9,23.6,15.1,4.1,40.4
63.6,59.9,24,15.1,4.1,40.4
63.7,59.9,24.3,15.1,4,40.4
63.5,59.9,25.2,15.1,4,40.4
63.3,60,15.3,15.1,4.9,36.4
63.3,60,15.3,15.1,5,35.5
63.3,60,15.4,15.1,5,35.9
63.3,60,15.4,15.1,5,35.8
63.3,60,15.4,15.1,5,36.3
63.3,60,15.4,15.1,5,36.4
63.3,60,15.4,14.9,5,36.4
63.3,60,15.3,14.9,4.9,36.6
63.3,60,15.4,14.9,5,36.6
63.3,60,15.4,15.1,4.9,36.9
63.3,59.9,15.3,14.9,5,36.9
63.3,59.9,15.3,14.9,5,36.9
63.3,59.9,15.4,14.9,5,36.9
63.3,59.9,15.3,14.9,4.9,37.3
63.3,59.9,15.3,15.1,5,37.3
63.3,59.9,15.4,15.1,4.9,37.3
63.3,59.9,15.3,15.1,4.9,37.3
63.3,59.9,15.4,15.1,5,37.4
63.3,59.9,15.4,15.1,4.9,37.4
63.2,59.9,15.3,14.9,5,37.4
63.2,59.9,15.4,14.9,5,37.4
63.3,59.9,15.4,14.9,5,37.4
63.3,59.9,15.4,14.9,4.9,37.6
63.3,59.9,15.4,14.9,4.9,37.4
63.2,59.9,15.4,14.9,5,37.4
63.2,59.9,15.3,14.9,5,37.6
63.2,59.9,15.3,14.9,5,37.6
63.3,59.9,15.4,15.1,4.9,37.6
63.2,59.9,15.4,15.1,5,37.6
63.2,59.9,15.4,15.1,4.9,37.6
63.2,59.9,15.4,15.1,5,37.6
63.2,59.9,15.3,14.9,5,37.6
63.2,59.9,15.3,14.9,5,37.6
63.2,59.9,15.3,14.9,4.9,37.6
63.3,59.9,15.3,14.9,5,37.6
63.2,59.9,15.4,14.9,5,37.6
63.2,59.9,15.4,14.9,4.9,37.6
63.2,59.9,15.4,14.9,5,37.6
63.2,59.9,15.4,14.9,5,37.6
63.2,59.9,15.4,14.9,4.9,37.6
63.2,60.2,15.4,14.9,4.9,37.6
63.3,60.2,15.3,14.9,5,37.4
63.2,60.2,15.3,14.9,4.9,37.6
63.2,60.2,15.4,14.9,5,37.6
63.3,59.9,15.4,15.1,5,37.6
63.2,59.9,15.4,15.1,4.9,37.6
63.2,60.2,15.3,14.9,5,37.6
63.3,60,15.4,14.9,4.9,37.8
63.3,60,15.4,14.9,5,37.6
63.1,60,15.3,14.9,5,37.6
63.3,60,15.4,14.9,5,37.7
63.2,60,15.4,14.9,5,37.7
63.3,60,15.4,14.7,4.9,37.6
63.2,60,15.4,14.7,4.9,37.6
63.3,60,15.3,14.7,5,37.6
63.3,60,15.4,15.1,5,37.8
63.3,60,15.3,15.1,5,37.8
63.1,60,15.3,14.7,4.9,37.6
63.3,60,15.4,15.1,5,37.6
63.2,60,15.4,15.1,5,37.7
63.2,60,15.4,15.1,4.9,37.7
63.3,60,15.3,15,5,37.7
63.2,60,15.4,15,5,37.6
63.2,60,15.4,15,5,37.7
63.2,60,15.4,15,5,37.7
63.2,60,15.4,15,5,37.7
63.2,60,15.4,15,5,37.6
63.2,60.2,15.4,15,4.9,37.6
63.2,59.9,15.4,15,5,37.7
63.2,59.9,15.4,15,5,37.7
63.2,60.1,15.3,15,5,37.7
63.2,60.1,15.4,15,5,37.7
63.2,60,15.4,15,5,37.7
63.2,60,15.4,15,5,37.7
63.2,60,15.4,15,5,37.7
63.2,60,15.4,15,5,37.7
63.3,60,15.4,15,5,37.6
63.2,60,15.4,15,5,37.7
63.2,60,15.4,15,4.9,37.7
63.2,60.2,15.4,15,4.9,37.7
63.2,60,15.4,15,4.9,37.7
63.2,60,15.4,15,4.9,37.7
63.2,60,15.4,15,5,37.7
63.2,60,15.4,15,4.9,37.7
63.2,60,15.3,15,5,37.6
63.2,60,15.4,15,4.9,37.7
63.2,60,15.4,15,4.9,37.7
63.1,60,15.4,15,5,37.7
63.2,60,15.4,15,5,37.7
63.1,60,15.4,15,5,37.7
63.2,60,15.4,15,4.9,37.7
63.1,60,15.3,14.8,4.9,37.7
63.1,60,15.4,14.8,5,37.7
63.1,60,15.4,14.8,5,37.7
63.2,60,15.4,14.9,4.9,37.7
63.2,60,15.4,15.1,4.9,37.7
63.2,60,15.4,15.1,5,37.6
63.2,60,15.4,15.1,4.9,37.8
63.2,60,15.4,15.1,4.9,37.8
63.1,60,15.4,15.1,4.9,37.8
63.1,60,15.4,15.1,5,37.8
63.1,60,15.4,15.1,5,37.8
63.1,60,15.4,15.1,4.9,37.8
63.2,60,15.4,15.1,4.9,37.8
63.2,60,15.4,14.9,5,37.6
63.1,60,15.4,14.9,4.9,37.6
63.1,60,15.4,14.9,5,37.8
63.1,60,15.4,15.1,4.9,37.6
63.2,60,15.4,15.1,4.9,37.8
63.2,60,15.4,14.9,5,37.8
63.2,60,15.3,14.9,5,37.8
63.1,60,15.3,15.1,4.9,37.8
63.2,60,15.3,15.1,5,37.8
63.2,60,15.4,15.1,5,37.6
63.1,60,15.4,15.1,4.9,37.6
63.1,60,15.4,15.1,5,37.6
63.1,60,15.4,15.1,5,37.6
63,60,15.4,15.1,4.9,37.6
63.1,60,15.4,15.1,4.9,37.8
63.2,60,15.4,15.1,4.9,37.8
63.1,60,15.4,15.1,4.9,37.7
63.1,60,15.4,14.9,4.9,37.7
63.1,60,15.4,14.9,5,37.7
63.2,60,15.4,14.9,4.9,37.8
63.1,60,15.4,14.9,4.9,37.7
63.2,60,15.4,14.9,4.9,37.7
63,60,15.4,15.1,4.9,37.7
63.1,60,15.4,15.1,5,37.7
63.2,60,15.4,15.1,5,37.7
63.2,60,15.4,15.1,5,37.7
63.1,60,15.4,14.8,5,37.7
63.1,60,15.4,14.8,5,37.7
63,60,15.4,14.8,4.9,37.7
63.1,60,15.4,14.9,5,37.7
63,60,15.4,14.9,4.9,37.7
63,60,15.4,14.8,5,37.7
63.2,60,15.4,15,4.9,37.7
63.1,60,15.4,15,4.9,37.7
63.2,60,15.4,15,5,37.7
63.1,60,15.4,15,4.9,37.7
63.1,60,15.4,15,5,37.7
63.1,60,15.4,15,4.9,37.7
63.2,60,15.4,15,5,37.5
63.2,60,15.4,15,4.9,37.7
63.2,60,15.4,15,5,37.7
63,60,15.4,14.7,4.9,37.8
63.1,60,15.4,15,5,37.5
63.1,60,15.5,15,5,37.7
63.2,60,15.4,15,5,37.7
63.1,60,15.4,15,4.9,37.7
63.1,60,15.4,15,4.9,37.7
63.1,60,15.4,15,5,37.7
63.1,60,15.4,15,4.9,37.7
63.1,60,15.4,15,5,37.7
63.1,60,15.4,15,4.9,37.7
63.1,60,15.4,15,4.9,37.7
63.1,60,15.5,15,5,37.7
63.1,60,15.4,15,4.9,37.7
63,60,15.4,15,4.9,37.7
63,60,15.4,15,5,37.7
63.1,60,15.4,15,5,37.7
63.1,60,15.4,15,5,37.7
63,60,15.4,15,5,37.5
63.1,60,15.4,15,5,37.8
63.1,60,15.4,15,5,37.7
63,60,15.4,15,5,37.7
63,60,15.5,15,4.9,37.7
63.1,60,15.4,15,5,37.7
63,60,15.4,15,4.9,37.7
63,60,15.4,15,4.9,37.7
63.1,60,15.4,15,4.9,37.7
63.1,60,15.4,15,5,37.7
63.1,60,15.4,15,5,37.7
63.1,60,15.5,15,5,37.7
63,60,15.4,15,4.9,37.7
63,60,15.4,15,5,37.7
63,60,15.4,15,5,37.7
63,60,15.4,15,4.9,37.7
63,60,15.4,15,5,37.6
63,60,15.5,15,5,37.6
63,60,15.5,15,5,37.6
63,60,15.4,15,5,37.6
63,60,15.4,15,4.9,37.6
63.1,60,15.4,15,4.9,37.6
63,60,15.4,15,5,37.6
63,60,15.4,15,5,37.6
63,60,15.4,15,4.9,37.6
63,60,15.4,15,5,37.6
63,60,15.4,15,4.9,37.6
63,60,15.4,15,4.9,37.6
63,60,15.4,15,4.9,37.6
63,60,15.4,15,4.9,37.6
63,60,15.4,15,4.9,37.6
63,60,15.4,15,4.9,37.6
63.1,60,15.4,15,4.9,37.6
63,59.7,15.3,15,4.9,37.6
63,60,15.3,15,4.9,37.6
63,60,15.4,15,4.9,37.8
63,60,15.4,15,4.9,37.8
63,60,15.5,15,5,37.8
63,60,15.4,15,4.9,37.6
63.1,60,15.4,15,5,37.6
62.9,60,15.4,15,5,37.7
63,60,15.4,15,4.9,37.7
63,60,15.4,15,4.9,37.7
63,60,15.4,15,4.9,37.7
62.9,60,15.4,15,5,37.7
62.9,60,15.4,15,4.9,37.7
63,60,15.4,15,5,37.7
62.9,60,15.4,15,4.9,37.7
62.9,60,15.4,15,4.9,37.7
62.9,60,15.4,15,5,37.7
62.9,60,15.4,15,5,37.7
62.9,60,15.4,15,4.9,37.7
62.9,60,15.5,15,4.9,37.7
62.9,60,15.5,15,4.9,37.7
63,60,15.3,15,5,37.7
63,60,15.4,15,5,37.7
63,60,15.4,15,5,37.7
62.9,60,15.4,15,5,37.7
62.9,60,15.3,15,4.9,37.7
62.9,60,15.4,15,5,37.7
63,60,15.4,15,5,37.7
62.8,60,15.4,15,4.9,37.7
63,60,15.4,15,4.9,37.7
62.9,60,15.4,15,4.9,37.7
62.9,60,15.4,15,5,37.7
63,60,15.4,15,5,37.7
62.9,60,15.4,15,4.9,37.7
63,60,15.4,15,5,37.8
62.8,60,15.4,15,5,37.8
63,60,15.4,15,4.9,37.8
62.8,60,15.4,15,5,37.8
62.9,60,15.4,15,4.9,37.8
62.8,60,15.4,15,5,37.8
62.9,60,15.4,15,5,37.8
62.9,60,15.3,15,5,37.8
62.9,60,15.4,15,4.9,37.6
62.9,60,15.3,15,4.9,37.6
62.8,60,15.5,15,5,37.6
62.9,60,15.4,15,4.9,37.8
62.9,60,15.5,15,5,37.5
62.9,60,15.3,15,4.9,37.8
63,60,15.3,15,4.9,37.8
62.7,60,15.4,15,4.9,37.5
62.6,60,15.3,15,4.9,37.5
62.5,59.9,15.3,15,4.9,37.7
62.4,59.9,15.3,15,5,37.7
62.4,60,15.4,15,4.9,37.8
62.5,60,15.5,15,5,37.7
62.5,60,15.4,15,4.9,37.7
62.5,60,15.4,15,4.9,37.7
62.1,60,15.4,15,5,37.7
61.9,60,15.4,15,4.9,37.7
61.6,60,15.3,15,4.9,37.7
61.3,60,15.4,15,4.9,37.9
61.4,60,15.4,15,4.9,37.7
61.5,60,15.4,15,5,37.7
61.5,60,15.5,15,4.9,37.7
61.3,60,15.4,15,4.9,37.7
61.4,60,15.4,15,5,37.7
61.3,60,15.4,15,4.9,37.7
61.3,60,15.3,15,4.9,37.7
61.1,59.9,15.3,15,4.9,37.5
61,59.9,15.4,15,5,37.4
61,59.9,15.4,15,5,37.4
61,59.9,15.3,15,4.9,37.4
60.7,59.9,15.3,15,4.9,37.4
60.6,59.9,15.4,15,4.9,37.4
60.5,59.9,15.4,15,5,37.5
60.6,59.9,15.3,15,4.9,37.5
60.6,59.9,15.3,15,5,37.5
60.6,59.9,15.4,15,4.9,37.5
60.6,59.9,15.4,15,4.9,37.7
63.7,60.1,15.5,15.1,6.5,34.1
63.7,60.1,15.5,15.1,6.5,34.1
63.7,60.1,15.4,15.1,6.5,34.1
63.7,60.1,15.4,15.1,6.6,34.1
63.8,60.1,15.4,15.1,6.5,34.1
63.8,60.1,15.4,15.1,6.6,34.1
63.7,60.1,15.5,15.1,6.5,34.3
63.7,59.9,15.4,15.1,6.6,34.3
63.8,59.9,15.4,14.9,6.7,34.3
63.7,59.9,15.4,14.9,6.5,34.1
63.7,59.9,15.4,14.9,6.6,34.1
63.7,59.9,15.4,14.9,6.5,34.1
63.7,59.9,15.4,14.9,6.6,34.1
63.8,59.9,15.4,14.9,6.6,34.1
63.8,59.9,15.4,14.9,6.5,34.1
63.8,59.9,15.4,14.9,6.5,34.1
63.8,59.9,15.5,14.9,6.6,34.1
63.8,59.9,15.5,14.9,6.5,34.1
63.7,59.9,15.5,14.9,6.5,34.1
63.7,59.9,15.4,14.9,6.6,34.1
63.8,60.1,15.4,14.9,6.6,34.1
63.7,60.1,15.4,14.9,6.5,33.8
63.7,60.1,15.4,14.9,6.5,33.8
63.7,60.1,15.5,14.9,6.6,33.8
63.7,60.1,15.5,14.9,6.5,33.8
63.7,60.1,15.4,14.9,6.6,33.8
63.7,60.1,15.4,14.9,6.5,33.8
63.8,60.1,15.5,14.9,6.5,33.8
63.8,60.1,15.4,14.9,6.5,33.8
63.8,60.1,15.5,14.9,6.5,33.8
63.7,60.1,15.4,14.9,6.5,33.8
63.8,60.1,15.5,14.9,6.5,33.8
63.7,60.1,15.4,14.9,6.6,33.8
63.8,60.1,15.4,14.9,6.5,33.8
63.7,60.1,15.3,14.9,6.5,33.8
63.7,60.1,15.4,14.9,6.6,33.8
63.8,60.1,15.3,14.9,6.6,33.8
63.8,60.1,15.4,14.9,6.6,33.8
63.8,60.1,15.4,14.9,6.6,33.8
63.7,60.1,15.4,15.1,6.5,33.8
63.7,60.1,15.4,15.1,6.5,33.8
63.8,60.1,15.5,15.1,6.6,33.8
63.8,60.1,15.5,15.1,6.5,33.8
63.8,60.1,15.5,15.1,6.6,33.8
63.8,60.1,15.5,15.1,6.6,33.8
63.7,60.1,15.4,15.1,6.6,33.8
63.7,60.1,15.5,15.1,6.5,33.8
63.7,60.1,15.5,15.1,6.5,33.8
63.7,60.1,15.4,15.1,6.8,33.8
63.8,60.1,15.5,15.1,6.7,33.8
63.7,60.1,15.4,15.1,6.7,33.8
63.8,60.1,15.4,15.1,6.7,33.8
63.8,60.1,15.4,15.1,6.8,33.8
63.8,60.1,15.4,15.1,6.8,33.8
63.7,60.1,15.5,15.1,6.7,33.8
63.7,60.1,15.4,15.1,6.7,33.6
63.7,60.1,15.5,15.1,6.6,33.8
63.7,60.1,15.4,15.1,6.7,33.8
63.6,60.1,15.3,15.1,6.7,33.8
63.7,60.1,15.5,15.1,6.7,33.8
63.7,60.1,15.4,15.1,6.6,33.8
63.7,60.1,15.4,15.1,6.7,33.8
63.7,60.1,15.4,15.1,6.7,33.8
63.7,60.1,15.4,15.1,6.7,33.8
63.7,60.1,15.4,15.1,6.7,33.8
63.7,60.1,15.4,15.1,6.7,33.8
63.7,60.1,15.5,15.1,6.7,33.8
63.7,60.1,15.5,15.1,6.6,33.8
63.7,60.1,15.5,15.1,6.6,33.8
63.6,60.1,15.5,15.1,6.7,33.8
63.7,60.1,15.5,15.1,6.6,33.8
63.6,60.1,15.4,15.1,6.6,33.8
63.8,60.1,15.4,15.1,6.6,33.8
63.6,60.1,15.4,15.1,6.6,33.8
63.6,60.1,15.4,15.1,6.7,33.8
63.7,60.1,15.4,15.1,6.7,33.8
63.7,60.1,15.5,15.1,6.7,33.8
63.7,60.1,15.4,15.1,6.7,33.8
63.6,60.1,15.4,15.1,6.6,33.8
63.7,60.1,15.5,15.1,6.7,33.8
63.7,60.1,15.5,15.1,6.6,33.8
63.6,60.1,15.5,15.1,6.7,33.8
63.6,60.1,15.5,15.1,6.7,33.8
63.5,60.1,15.4,15.1,6.7,33.8
63.6,60.1,15.5,15.1,6.6,33.8
63.7,60.1,15.4,15.1,6.7,33.6
63.7,60.1,15.4,15.1,6.7,33.6
63.7,60.1,15.5,15.1,6.6,33.4
63.7,60.1,15.4,15.1,6.7,33.8
63.7,60.1,15.4,15.1,6.7,33.8
63.7,60.1,15.5,15.1,6.7,33.8
63.7,60.1,15.5,15.1,6.6,33.8
63.7,60.1,15.5,15.1,6.6,33.8
63.6,60.1,15.4,15.1,6.7,33.8
63.6,60.1,15.5,15.1,6.6,33.8
63.6,60.1,15.5,15.1,6.7,33.8
63.6,60.1,15.4,15.1,6.7,33.8
63.7,60.1,15.4,15.1,6.8,33.8
63.6,60.1,15.4,15.1,6.7,33.8
63.6,60.1,15.5,15.1,6.6,33.8
63.7,60.1,15.4,15.1,6.7,33.8
63.6,60.1,15.5,15.1,6.6,33.8
63.7,60.1,15.4,15.1,6.7,33.8
63.6,60.1,15.4,15.1,6.7,33.8
63.6,60.1,15.5,15.1,6.6,33.8
63.6,60.1,15.3,15.1,6.7,33.8
63.6,60.1,15.3,15.1,6.6,33.8
63.7,60.1,15.4,15.1,6.7,33.8
63.6,60.1,15.4,15.1,6.7,33.8
63.6,60.1,15.4,15.1,6.6,33.8
63.7,60.1,15.4,15.1,6.6,33.8
63.7,60.1,15.4,15.1,6.7,33.8
63.6,60.1,15.4,15.1,6.6,33.8
63.6,60.1,15.4,15.1,6.7,33.8
63.6,60.1,15.4,15.1,6.6,33.8
63.7,60.1,15.4,15.1,6.7,33.8
63.7,60.1,15.4,15.1,6.7,33.8
63.7,60.1,15.3,15.1,6.6,33.8
63.6,60.1,15.5,15.1,6.6,33.6
63.6,60.1,15.4,15.1,6.6,33.4
63.7,60.1,15.4,15.1,6.7,33.6
63.7,60.1,15.5,15.1,6.7,33.4
63.7,60.1,15.5,15.1,6.6,33.5
63.7,60.1,15.4,15.1,6.6,33.8
63.6,60.1,15.5,15.1,6.6,33.8
63.7,60.1,15.5,15.1,6.7,33.8
63.6,60.1,15.5,15.1,6.6,33.8
63.6,60.1,15.5,15.1,6.7,33.8
63.7,60.1,15.4,15.1,6.6,33.8
63.7,60.1,15.4,15.1,6.7,33.8
63.6,60.1,15.4,15.1,6.7,33.8
63.6,60.1,15.3,15.1,6.7,33.8
63.7,60.1,15.3,15.1,6.7,33.8
63.7,60.1,15.4,15.1,6.7,33.8
63.7,60.1,15.4,15.1,6.7,33.8
63.7,60.1,15.4,15.1,6.7,33.8
63.7,60.1,15.5,15.1,6.7,33.8
63.7,60.1,15.5,15.1,6.7,33.8
63.7,60.1,15.4,15.1,6.7,33.8
63.7,60.1,15.4,15.1,6.6,33.8
63.6,60.1,15.5,15.1,6.7,33.8
63.7,60.1,15.5,15.1,6.6,33.8
63.7,60.1,15.4,15.1,6.6,33.8
63.7,60.1,15.5,15.1,6.7,33.8
63.7,60.1,15.4,15.1,6.6,33.8
63.7,60.1,15.5,15.1,6.6,33.8
63.7,60.1,15.5,15.1,6.6,33.8
63.7,60.1,15.4,15.1,6.6,33.8
63.6,60.1,15.4,15.1,6.6,33.8
63.7,60.1,15.4,15.1,6.7,33.8
63.6,60.1,15.5,15.1,6.6,33.8
63.6,60.1,15.5,15.1,6.6,33.8
63.6,60.1,15.4,15.1,6.7,33.8
63.7,60.1,15.4,15.1,6.7,33.8
63.6,60.1,15.4,15.1,6.7,33.8
63.6,60.1,15.5,15.1,6.6,33.8
63.6,60.1,15.4,15.1,6.6,33.8
63.7,60.1,15.5,15.1,6.7,33.8
63.7,60.1,15.4,15.1,6.7,33.8
63.6,60.1,15.5,15.1,6.6,33.8
63.7,60.1,15.4,15.1,6.7,33.8
63.7,60.1,15.5,15.1,6.6,33.8
63.8,60.1,15.5,15.1,6.7,33.8
63.7,60.1,15.4,15.1,6.7,33.8
63.7,60.1,15.5,15.1,6.7,33.8
63.7,60.1,15.4,15.1,6.7,33.8
63.7,60.1,15.5,15.1,6.7,33.8
63.7,60.1,15.5,15.1,6.7,33.8
63.7,60.1,15.4,15.1,6.6,33.8
63.7,60.1,15.5,15.1,6.7,33.8
63.7,60.1,15.5,15.1,6.6,33.8
63.6,60.1,15.4,15.1,6.7,33.8
63.6,60.1,15.4,15.1,6.6,33.8
63.5,60.1,15.3,15.1,6.6,33.8
63.7,60.1,15.5,15.1,6.7,33.8
63.6,60.1,15.4,15.1,6.6,33.8
63.6,60.1,15.4,15.1,6.7,33.8
63.5,60.1,15.4,15.1,6.7,33.6
63.6,60.1,15.4,14.7,6.7,33.6
63.6,59.9,15.5,14.7,6.7,33.6
63.7,59.9,15.4,14.7,6.7,33.4
63.7,59.9,15.4,14.7,6.6,33.6
63.7,59.9,15.5,14.7,6.6,33.6
63.6,60.2,15.3,14.8,7.1,33.2
63.7,60.2,15.3,14.8,7,33.2
63.7,60.2,15.3,14.8,7,33.2
63.6,60.2,15.3,14.8,7,33.2
63.7,60.2,15.3,14.8,7,33.2
63.6,60.2,15.2,14.8,7,33.2
63.6,60.2,15.3,14.8,7,33.2
63.7,60.2,15.3,14.8,7,33.2
63.6,60.2,15.3,14.8,7,33.2
63.6,60.2,15.3,14.8,7.1,33
63.6,60.2,15.3,14.8,7,33
63.6,60.2,15.3,14.8,7,33
63.7,60.2,15.2,14.8,7,33.2
63.6,60.2,15.3,14.8,7,33.2
63.6,60.2,15.2,14.8,7,33.2
63.7,60.2,15.3,14.8,7,33.2
63.6,60.2,15.3,14.8,7.1,33.2
63.7,60.2,15.3,14.8,7,33.2
63.7,60.2,15.3,14.8,3.5,33.2
63.8,60.2,15.3,14.8,3.5,33.4
63.7,60.2,15.3,14.8,3.5,33.2
63.7,60.2,15.3,14.8,3.6,33.4
63.6,60.2,15.2,14.8,3.6,33.5
63.7,60.2,15.2,14.8,3.6,34
63.7,60,15.2,14.8,3.6,34.5
63.6,60,15.2,14.8,5.6,34.9
63.6,60,15.3,14.8,5.8,35.6
63.6,60,15.3,14.8,5.9,36.1
63.6,60,15.3,14.8,5.9,36.1
63.7,60,15.2,14.8,6,36.4
63.7,60,15.3,14.8,5.9,36.4
63.6,60.2,15.2,15,6,36.4
63.5,60.2,15.2,15,6,35.3
63.5,60.2,15.2,15,6,35.3
63.6,60.2,15.2,15,6,35.4
63.6,60.2,15.2,15,6,35.4
63.5,60.2,15.2,15,6,35.4
63.5,60.2,15.2,15,6,35.4
63.6,60.2,15.2,15,6,35.4
63.5,60,15.2,15,6,35.4
63.5,60,15.2,15,6,35.4
63.6,60,15.2,15,6,35.4
63.6,60,15.3,15,6,35.4
63.6,60,15.2,15,6,35.4
63.6,60,15.2,14.8,6,35.4
63.6,60,15.3,15,6,35.4
63.6,60,15.2,14.8,6,35.4
63.5,60,15.3,14.8,6,35.4
63.6,60,15.3,14.8,6.1,35.4
63.6,60,15.2,14.8,6,35.2
63.6,60,15.3,14.8,6,35.2
63.6,60,15.2,14.8,6,35.4
63.6,60,15.3,14.8,6,35.4
63.6,60,15.3,14.8,6,35.4
63.6,60,15.3,14.8,5.9,35.4
63.6,60,15.2,14.8,6,35.4
63.6,60,15.3,14.8,6,35.4
63.6,60,15.2,14.8,6,35.4
63.6,60,15.3,14.8,6,35.3
63.6,60,15.3,14.8,6,35.4
63.6,60.2,15.3,14.8,6,35.4
63.6,60.2,15.3,14.8,6,35.3
63.6,60.2,15.3,14.8,6,35.4
63.6,60.2,15.3,14.8,6,35.4
63.6,60.2,15.2,14.8,6,35.4
63.6,60.2,15.3,14.8,6,35.4
63.6,60.2,15.3,14.8,6,35.4
63.6,60.2,15.2,14.8,6,35.4
63.6,60.2,15.3,14.8,6,35.4
63.6,60.2,15.2,14.8,6.1,35.4
63.6,60.2,15.3,14.8,6,35.4
63.6,60.2,15.2,14.8,6,35.4
63.6,60.2,15.3,14.8,6,35.4
63.6,60.2,15.3,14.8,6,35.4
63.6,60.2,15.3,14.8,6,35.4
63.6,60.2,15.2,14.8,6,35.4
63.6,60.2,15.3,14.8,6,35.4
63.6,60.2,15.3,14.8,6.1,35.4
63.6,60.2,15.2,14.8,6,35.4
63.6,60.2,15.3,14.8,6,35.4
63.6,60.2,15.3,14.8,6,35.4
63.6,60.2,15.3,14.8,6,35.4
63.6,60.2,15.3,14.8,5.9,35.3
63.6,60.2,15.2,14.8,6,35.3
63.6,60.2,15.3,14.8,6,35.3
63.6,60.2,15.3,14.8,6,35.3
63.6,60.2,15.3,14.8,6,35.3
63.6,60.2,15.2,14.8,6,35.3
63.6,60.2,15.2,14.8,6,35.3
63.6,60.2,15.3,14.8,6,35.4
63.6,60.2,15.2,14.8,6,35.2
63.5,59.9,15.2,14.8,6,35.4
63.6,59.9,15.3,14.8,6,35.4
63.5,59.9,15.3,14.8,6,35.4
63.6,59.9,15.3,14.8,6,35.4
63.6,59.9,15.3,14.8,6,35.4
63.6,59.9,15.3,14.8,6,35.4
63.6,59.9,15.3,14.8,6,35.4
63.6,59.9,15.2,14.8,6,35.1
63.6,59.9,15.3,14.8,6,35.1
63.6,59.9,15.3,14.8,6,35.3
63.6,59.9,15.3,14.8,5.9,35.2
63.6,59.9,15.2,14.8,6.1,35.3
63.6,60.2,15.3,14.8,6,35.3
63.6,60.2,15.3,14.8,6,35.3
63.6,60.2,15.3,14.8,6,35.3
63.6,60.2,15.3,14.8,6,35.3
63.6,60.2,15.2,14.8,6,35.3
63.6,60.2,15.2,14.8,6.1,35.3
63.6,60.2,15.3,14.8,6,35.3
63.5,60.2,15.3,14.8,6,35.3
63.6,60.2,15.3,14.8,6,35.3
63.6,60.2,15.3,14.8,6,35.3
63.5,60.2,15.2,14.8,6,35.3
63.6,60.2,15.2,14.8,6,35.3
63.6,60.2,15.3,14.8,6,35.3
63.6,60.2,15.3,14.8,6,35.3
63.6,60.2,15.3,14.8,6,35.4
63.6,60.2,15.3,14.8,6,35.4
63.6,60.2,15.3,14.8,6,35.4
63.6,60.2,15.2,14.8,6,35.4
63.6,60.2,15.3,14.8,6,35.4
63.6,60.2,15.2,14.8,6,35.4
63.6,60.2,15.3,14.8,6,35.4
63.6,59.9,15.2,14.8,6,35.4
63.6,60,15.3,14.8,6,35.4
63.6,60,15.3,14.8,6,35.4
63.5,60,15.2,14.8,6,35.4
63.5,60,15.2,14.8,6,35.4
63.6,60,15.3,14.8,5.9,35.4
63.6,60,15.3,14.8,6,35.4
63.6,60,15.3,14.8,6.1,35.4
63.5,60,15.3,14.8,6,35.4
63.5,60,15.2,14.8,6,35.4
63.5,60,15.3,14.8,6,35.4
63.5,60,15.2,14.8,6,35.4
63.6,60,15.2,14.8,6,35.4
63.5,60,15.2,14.8,6,35.4
63.5,59.9,15.3,14.8,6,35.2
63.5,59.9,15.3,14.8,6,35.4
63.6,60.2,15.3,14.8,6,35.4
63.5,60.2,15.2,14.8,6,35.4
63.6,60.2,15.3,14.8,6,35.4
63.6,60.2,15.3,14.8,6,35.4
63.5,60.2,15.3,14.8,6,35.4
63.6,60.2,15.3,14.8,6,35.4
63.5,60.2,15.2,14.8,6,35.4
63.5,60.2,15.3,14.8,6,35.4
63.6,60.2,15.3,14.8,6,35.4
63.6,60.2,15.3,14.8,6,35.4
63.5,60.2,15.3,14.8,5.9,35.4
63.6,60.2,15.2,14.8,6,35.4
63.5,60.2,15.3,14.8,6,35.4
63.5,60.2,15.3,14.8,6,35.4
63.5,60.2,15.3,14.8,6,35.4
63.5,60.2,15.3,14.8,6,35.4
63.5,60.2,15.3,14.8,6,35.4
63.6,60.2,15.3,14.8,6,35.4
63.6,60.2,15.2,14.8,6,35.4
63.5,60.2,15.2,14.8,6,35.4
63.5,60.2,15.3,14.8,6,35.4
63.5,60.2,15.3,14.8,6,35.4
63.6,60.2,15.3,14.8,6,35.4
63.5,60.2,15.3,14.8,6,35.4
63.6,60.2,15.3,14.8,6,35.4
63.5,60.2,15.3,14.8,6,35.4
63.5,60.2,15.2,14.8,6,35.4
63.6,60.2,15.3,14.8,6,35.4
63.5,60.2,15.3,14.8,6,35.4
63.5,60.2,15.3,14.8,6,35.4
63.6,60.2,15.3,14.8,6,35.4
63.6,60.2,15.3,14.8,6,35.4
63.5,60.2,15.3,14.8,6,35.4
63.5,60.2,15.3,14.8,6,35.4
63.5,60.2,15.3,14.8,6,35.4
63.5,60.2,15.3,14.8,6,35.4
63.6,60.2,15.3,14.8,6,35.4
63.5,60.2,15.3,14.8,6,35.4
63.6,60.2,15.3,14.8,6,35.4
63.5,60.2,15.3,14.8,6,35.4
63.5,60.2,15.3,14.8,6,35.4
63.5,60.2,15.3,14.8,6,35.3
63.6,60.2,15.3,14.8,6,35.3
63.6,60.2,15.3,14.8,6,35.3
63.5,60.2,15.3,14.8,6,35.3
63.5,60.2,15.2,14.8,6,35.3
63.6,60,15.3,14.8,6,35.3
63.5,60,15.3,14.8,6,35.3
63.6,60.2,15.3,14.8,6,35.3
63.5,60.2,15.3,14.8,6,35.3
63.5,60.2,15.3,14.8,6,35.3
63.5,60.2,15.2,14.8,5.9,35.3
63.5,60.2,15.2,14.8,6,35.3
63.5,60.2,15.2,14.8,6,35.3
63.5,60.2,15.3,14.8,6.1,35.3
63.5,60.2,15.2,14.8,6,35.4
63.5,60.2,15.3,14.8,6,35.3
63.5,60.2,15.4,14.8,6,35.4
63.6,60.2,15.4,14.8,6,35.4
63.5,60.2,15.3,14.8,6,35.3
63.5,60.2,15.3,14.8,6,35.4
63.6,60.2,15.4,14.8,6,35.4
63.5,60.2,15.4,14.8,6,35.1
63.6,60.2,15.3,14.8,6,35.4
63.6,60.2,15.3,14.8,6,35.4
63.6,60.2,15.3,15,6,35.4
63.5,60.2,15.3,15,6,35.4
63.5,60.2,15.3,15,5.9,35.4
63.5,60.2,15.4,14.8,6,35.4
63.5,60.2,15.3,14.8,6,35.1
63.5,60.2,15.3,14.8,6,35.3
63.4,60.2,15.2,14.8,6,35.3
63.4,60.2,15.3,14.8,6,35.3
63.5,60.2,15.3,14.8,5.9,35.1
63.5,60,15.4,14.8,6,35.4
63.5,60,15.4,14.8,6,35.4
63.5,60,15.3,14.8,6,35.4
63.5,60,15.4,14.8,6,35.4
63.5,60,15.3,14.8,6,35.3
63.5,60,15.3,14.8,6,35.3
63.5,60,15.3,14.8,5.9,35.3
63.5,60,15.3,14.8,6,35.3
63.5,60,15.3,14.8,6,35.3
63.5,60,15.3,14.8,6,35.2
63.5,60,15.3,14.8,6,35.5
63.5,60,15.3,14.8,6,35.3
63.6,60,15.4,15,6,35.3
63.6,60,15.3,15,6,35.3
63.5,60,15.3,14.8,6,35.3
63.4,60,15.3,14.8,6,35.3
63.5,60,15.3,14.8,6,35.3
63.4,60,15.4,14.8,6,35.3
63.5,60,15.3,15,6,35.3
63.6,60,15.3,15,6,35.3
63.6,60,15.3,15,6.1,35.3
63.5,60,15.3,15,6,35.3
63.5,60,15.3,15,6,35.3
63.5,60,15.3,15,6,35.3
63.6,60,15.4,15,6,35.3
63.5,60,15.4,15,6,35.3
63.6,60,15.4,15,6,35.3
63.4,60,15.3,15,6,35.3
63.5,60,15.2,15,6,35.3
63.4,60,15.2,15,6,35.3
63.4,60,15.2,15,6,35.3
63.4,60,15.3,15,6,35.3
63.4,60,15.3,15,6,35.3
63.6,60,15.3,15,6,35.3
63.4,60.2,15.3,15,6,35.3
63.5,60.2,15.3,14.8,6,35.5
63.5,60.2,15.3,14.8,6,35.5
63.5,60.2,15.3,14.8,6,35.2
63.6,60.2,15.3,14.8,6,35.2
63.6,60.2,15.3,14.8,5.9,35.3
63.5,60.2,15.3,14.8,6,35.3
63.5,60.2,15.4,14.8,6,35.3
63.4,60.2,15.3,14.8,6,35.3
63.4,60.2,15.3,14.8,6,35.5
63.4,60.2,15.3,14.8,6,35.3
63.4,60.2,15.3,14.8,5.9,35.3
63.4,60.2,15.2,14.8,6,35.3
63.6,60.2,15.3,14.8,6,35.3
63.5,60.2,15.3,14.8,6.1,35.3
63.5,60.2,15.3,14.8,6,35.5
63.5,60.2,15.4,14.8,6,35.3
63.5,60.2,15.3,14.8,6,35.3
63.5,60.2,15.3,14.8,6,35.3
63.5,60.2,15.3,14.8,6,35.3
63.5,60.2,15.3,14.8,6,35.3
63.5,60.2,15.3,14.8,6,35.3
63.5,60.2,15.3,14.8,6,35.3
63.4,60.2,15.4,14.8,6,35.5
63.4,60.2,15.3,14.8,6,35.5
63.5,60.2,15.3,14.8,6,35.3
63.5,60.2,15.3,14.8,6,35.5
63.5,60.2,15.3,14.8,6,35.3
63.3,60,15.2,14.8,6,35.3
63.4,60,15.2,16,6,35.3
63.5,60,15.2,16,6,35.3
63.3,60,15.2,16,5.9,35.3
63.5,60,15.3,15,6,35.3
63.4,60,15.3,15,6,35.3
63.5,60,15.3,15,6,35.3
63.5,60,15.3,15,6,35.3
63.4,60,15.3,15,6,35.3
63.4,60,15.3,15,6,35.3
63.4,60,15.3,15,6,35.3
63.4,60,15.3,15,6,35.3
63.4,60,15.3,14.8,6,35.3
63.4,60,15.3,14.8,6,35.3
63.4,60,15.3,14.8,6,35.3
63.4,60,15.2,14.8,6,35.3
63.5,60,15.4,14.8,6,35.5
63.4,60,15.4,14.8,6,35.5
63.4,60,15.3,14.8,6,35.5
63.4,60,15.4,14.8,6,35.3
63.5,60,15.4,14.8,6,35.3
63.4,60,15.2,14.8,6,35.3
63.4,60,15.3,14.8,6,35.3
63.4,60.2,15.2,14.8,6,35.3
63.4,60.2,15.3,14.8,6,35.3
63.6,59.9,15.3,14.9,7,33.4
63.4,59.9,15.2,14.9,7,33.4
63.4,59.9,15.3,14.9,7,33.4
63.4,59.9,15.2,14.9,7,33.4
63.5,59.9,15.2,14.9,7,33.2
63.4,59.9,15.2,14.9,7,33.2
63.5,59.9,15.4,14.9,7,33.2
63.6,59.9,15.2,14.9,7.1,33.2
63.5,59.9,15.2,14.9,7.1,33.4
63.6,59.9,15.3,14.9,7,33.4
63.5,59.9,15.3,14.9,7.1,33.4
63.5,59.9,15.2,14.9,7,33.4
63.5,59.9,15.2,14.9,7,33.2
63.5,59.9,15.3,14.9,7,33.4
63.5,59.9,15.3,14.9,7.1,33.4
63.5,59.9,15.3,14.9,7,33.4
63.4,59.9,15.2,14.9,7,33.4
63.4,59.9,15.2,14.9,7.1,33.4
63.4,59.9,15.2,14.9,7,33.4
63.4,59.9,15.2,14.9,7,33.4
63.4,59.9,15.2,14.9,7,33.4
63.5,59.9,15.3,14.9,7,33.4
63.5,59.9,15.3,14.9,7,33.4
63.5,59.9,15.3,14.9,7.1,33.4
63.5,59.9,15.2,14.9,7,33.4
63.5,59.9,15.3,14.9,7,33.4
63.5,59.9,15.3,14.9,7,33.4
63.5,59.9,15.3,14.9,7,33.4
63.5,59.9,15.3,14.9,7.1,33.4
63.5,59.9,15.3,14.9,7.1,33.4
63.5,59.9,15.3,14.9,7,33.4
63.5,59.9,15.3,14.9,7,33.4
63.5,59.9,15.3,14.9,7,33.4
63.5,59.9,15.2,14.9,7,33.4
63.5,59.9,15.3,14.9,7.1,33.4
63.5,59.9,15.3,14.9,7,33.4
63.5,59.9,15.3,14.9,7,33.4
63.5,59.9,15.2,14.9,7.1,33.4
63.5,59.9,15.3,14.9,7,33.4
63.5,59.9,15.3,14.9,7,33.4
63.5,59.9,15.2,14.9,7,33.4
63.5,59.9,15.3,14.9,7,33.4
63.5,59.9,15.2,14.9,7,33.4
63.5,59.9,15.2,14.9,7.1,33.4
63.5,59.9,15.3,14.9,7,33.4
63.5,59.9,15.3,14.9,7,33.4
63.5,59.9,15.2,14.9,7,33.4
63.4,59.9,15.3,14.9,7,33.4
63.5,59.9,15.3,14.9,7,33.4
63.5,60.1,15.3,14.9,7,33.4
63.5,60.1,15.3,14.9,7,33.4
63.4,60.1,15.2,14.9,7,33.4
63.5,60.1,15.3,14.9,7.1,33.4
63.4,60.1,15.2,14.9,7,33.4
63.6,60.1,15.3,14.9,7,33.4
63.4,60.1,15.2,14.9,7,33.4
63.5,60.1,15.2,14.9,7,33.4
63.5,60.1,15.3,14.9,7.1,33.4
63.5,60.1,15.2,14.9,7,33.4
63.5,60.1,15.3,14.9,7,33.4
63.5,60.1,15.3,14.9,7,33.4
63.5,60.1,15.3,14.9,7,33.4
63.5,60.1,15.3,14.9,7,33.4
63.5,60.1,15.3,14.9,7,33.4
63.5,60.1,15.3,14.9,7,33.4
63.5,60.1,15.2,14.9,7,33.4
63.5,60.1,15.2,14.9,7,33.4
63.5,60.1,15.3,14.9,7.1,33.4
63.5,60.1,15.2,14.9,7.1,33.4
63.5,60.1,15.2,14.9,7,33.4
63.5,60.1,15.3,14.9,7,33.4
63.5,60.1,15.2,14.9,7,33.4
63.5,60.1,15.3,14.9,7,33.4
63.5,60.1,15.3,14.9,7.1,33.4
63.5,60.1,15.3,14.9,7,33.4
63.5,60.1,15.3,14.9,7,33.4
63.5,60.1,15.3,14.7,7,33.4
63.5,60.1,15.3,14.9,7,33.4
63.5,60.1,15.3,14.9,7,33.4
63.5,60.1,15.3,14.9,7.1,33.4
63.5,60.1,15.3,14.9,7,33.4
63.5,60.1,15.3,14.9,7,33.4
63.5,60.1,15.3,14.9,7,33.4
63.4,60.1,15.3,14.9,7.1,33.4
63.4,60.1,15.3,14.9,7,33.4
63.4,60.1,15.3,14.9,7,33.4
63.5,60.1,15.3,14.9,7,33.4
63.5,60.1,15.2,14.9,7.1,33.4
63.5,60.1,15.3,14.9,7,33.4
63.4,60.1,15.3,14.9,7,33.4
63.5,60.1,15.2,14.9,7,33.4
63.4,60.1,15.4,14.9,7,33.4
63.5,60.1,15.2,14.9,7,33.4
63.4,60.1,15.3,14.9,7,33.4
63.4,60.1,15.4,14.9,7,33.4
63.5,60.1,15.2,14.9,7,33.4
63.5,60.1,15.2,14.9,7,33.4
63.4,60.1,15.3,14.9,7,33.4
63.4,60.1,15.3,14.9,7,33.4
63.5,60.1,15.3,14.7,7,33.4
63.4,60.1,15.2,14.9,7,33.4
63.5,60.1,15.4,14.9,7.1,33.4
63.5,60.1,15.4,14.7,7,33.4
63.5,60.1,15.3,14.7,7,33.4
63.5,60.1,15.4,14.8,7,33.4
63.5,60.1,15.3,14.8,7.1,33.4
63.5,60.1,15.3,14.8,7.1,33.4
63.5,60.1,15.3,14.8,7.1,33.4
63.4,60.1,15.4,14.8,7,33.4
63.5,60.1,15.3,14.8,7,33.3
63.5,60.1,15.3,14.8,7.1,33.4
63.5,60.1,15.3,14.8,7.1,33.4
63.4,60.1,15.3,14.8,7,33.4
63.4,60.1,15.3,14.8,7.1,33.4
63.5,60.1,15.3,14.8,7,33.4
63.5,60.1,15.3,14.8,7.1,33.4
63.5,60.1,15.3,14.8,7,33.4
63.5,60.1,15.3,14.8,7,33.4
63.4,60.1,15.3,14.8,7.1,33.4
63.3,60.1,15.3,14.8,7,33.4
63.4,60.1,15.3,14.8,7,33.4
63.5,60.1,15.3,14.8,7.1,33.4
63.5,60.1,15.3,14.8,7.1,33.4
63.5,60.1,15.3,14.8,7,33.4
63.5,60.1,15.3,14.8,7,33.4
63.5,60.1,15.3,14.8,7,33.4
63.5,60.1,15.3,14.8,7,33.4
63.5,60.1,15.3,14.8,7,33.4
63.5,60.1,15.3,14.8,7,33.4
63.5,60.1,15.3,14.8,7,33.4
63.4,60.1,15.3,14.8,7,33.4
63.4,60.1,15.2,14.8,7,33.4
63.4,60.1,15.3,15.1,7.1,33.4
63.4,60.1,15.3,15.1,7,33.4
63.4,60.1,15.2,15.1,7.1,33.4
63.5,60.1,15.3,15.1,7,33.4
63.4,60.1,15.3,15.1,7,33.4
63.4,60.1,15.4,15.1,7,33.4
63.5,60.1,15.3,15.1,7,33.4
63.5,60.1,15.3,14.9,7,33.4
63.5,60.1,15.3,14.9,7,33.4
63.4,60.1,15.3,14.9,7.1,33.4
63.4,60.1,15.3,14.9,7,33.4
63.4,60.1,15.3,14.9,7,33.4
63.4,60.1,15.2,14.9,7,33.4
63.4,60.1,15.2,14.9,7.1,33.4
63.5,60.1,15.3,14.9,7,33.4
63.5,60.1,15.3,14.9,7,33.4
63.5,60.1,15.3,14.9,7.1,33.4
63.4,60.1,15.3,14.9,7.1,33.3
63.4,60.1,15.3,14.9,7,33.3
63.6,60.1,15.3,14.9,7,33.5
63.4,60.1,15.4,14.9,7,33.3
63.4,60.1,15.3,14.9,7,33.3
63.4,60.1,15.3,14.9,7,33.3
63.5,60.1,15.4,14.9,7,33.5
63.4,60.1,15.2,14.9,7,33.5
63.4,60.1,15.2,14.9,7,33.3
63.5,60.1,15.2,14.9,7,33.3
63.4,60.1,15.3,14.9,7.1,33.3
63.5,60.1,15.2,14.9,7,33.3
63.4,60.1,15.3,14.9,7,33.3
63.5,60.1,15.3,14.9,7,33.3
63.4,60.1,15.3,14.9,7,33.3
63.4,60.1,15.3,14.9,7,33.3
63.4,60.1,15.3,14.9,7.1,33.3
63.5,60.1,15.3,14.9,7,33.3
63.4,60.1,15.3,14.9,7.1,33.3
63.4,60.1,15.3,14.9,7,33.3
63.4,60.1,15.3,14.9,7,33.3
63.4,60.1,15.3,14.9,7.1,33.3
63.5,60.1,15.3,14.9,7,33.3
63.4,60.1,15.3,14.9,7,33.3
63.4,60.1,15.3,14.9,7.1,33.3
63.5,60.1,15.3,14.9,7,33.3
63.4,60.1,15.3,14.9,7,33.3
63.4,60.1,15.3,14.9,7,33.4
63.4,60.1,15.3,14.9,7,33.3
63.4,60.1,15.3,14.9,7,33.3
63.4,60.1,15.2,14.9,7,33.4
63.4,60.1,15.3,14.9,7,33.4
63.4,60.1,15.3,14.9,7.1,33.3
63.5,60.1,15.2,14.9,7,33.3
63.3,60.1,15.3,14.9,7,33.3
63.5,60.1,15.3,14.9,7,33.3
63.4,60.1,15.3,14.9,7,33.3
63.4,60.1,15.3,14.9,7,33.3
63.5,60.1,15.3,14.9,7,33.3
63.4,60.1,15.3,14.9,7.1,33.3
63.4,60.1,15.2,14.9,7,33.3
63.5,60.1,15.3,14.9,7,33.3
63.5,60.1,15.3,14.9,7,33.3
63.5,60.1,15.3,14.9,7,33.3
63.4,60.1,15.3,14.9,7.1,33.3
63.4,60.1,15.3,14.9,7,33.3
63.4,60.1,15.3,14.9,7,33.3
63.4,60.1,15.3,14.9,7.1,33.3
63.5,60.1,15.3,14.9,7,33.2
63.4,60.1,15.3,14.9,7,33.2
63.4,60.1,15.2,14.9,7,33.2
63.5,60.1,15.3,14.9,7,33.2
63.4,60.1,15.2,14.9,7,33.2
63.4,60.1,15.2,14.9,7.1,33.4
63.4,60.1,15.3,14.9,7,33.4
63.4,60.1,15.2,14.9,7,33.4
63.5,60.1,15.3,14.9,7,33.2
63.4,60.1,15.3,14.9,7,33.4
63.4,60.1,15.3,14.9,7,33.4
63.5,60.1,15.3,14.9,7,33.4
63.4,60.1,15.3,14.9,7.1,33.4
63.4,60.1,15.3,14.9,7,33.4
63.5,60.1,15.3,14.9,7,33.4
63.5,60.1,15.3,14.9,7.1,33.4
63.5,60.1,15.3,14.9,7,33.4
63.4,60.1,15.3,14.9,7,33.4
63.5,60.1,15.3,14.9,7.1,33.4
63.5,60.1,15.3,14.9,7.1,33.4
63.4,60.1,15.3,14.9,7,33.1
63.4,60.1,15.3,14.9,7,33.4
63.4,60.1,15.3,14.9,7.1,33.4
63.4,60.1,15.3,14.9,7,33.4
63.4,60.1,15.2,14.9,7,33.4
63.3,60.1,15.3,14.9,7,33.4
63.4,60.1,15.3,14.9,7,33.4
63.4,60.1,15.2,14.9,7,33.4
63.4,60.1,15.3,14.9,7.1,33.4
63.5,60.1,15.3,14.9,7,33.4
63.5,60.1,15.3,14.9,7,33.4
63.5,60.1,15.3,14.9,7,33.4
63.5,60.1,15.3,14.9,7,33.4
63.5,60.1,15.3,14.9,7,33.4
63.3,60.1,15.3,14.9,7,33.4
63.5,60.1,15.4,14.9,7,33.4
63.4,60.1,15.3,14.9,7,33.4
63.4,60.1,15.3,14.9,7,33.4
63.4,60.1,15.3,14.9,7,33.4
63.4,60.1,15.3,14.9,7,33.4
63.4,60.1,15.3,14.9,7,33.4
63.4,60.1,15.3,14.9,7,33.4
63.4,60.1,15.3,14.9,7,33.4
63.4,60.1,15.3,14.9,7,33.4
63.4,60.1,15.3,14.9,7,33.4
63.4,60.1,15.3,14.9,7,33.4
63.5,60.1,15.3,14.9,7.1,33.4
63.4,60.1,15.3,14.9,7,33.4
63.5,60.1,15.3,14.9,7,33.4
63.4,60.1,15.3,14.9,7,33.4
63.5,60.1,15.3,14.9,7,33.4
63.5,60.1,15.3,14.9,7,33.4
63.5,60.1,15.3,14.9,7.1,33.4
63.4,60.1,15.3,14.9,7,33.4
63.5,60.1,15.3,14.9,7,33.4
63.4,60.1,15.3,14.9,7,33.4
63.4,60.1,15.3,14.9,7.1,33.4
63.5,60.1,15.2,14.9,7,33.4
63.5,60.1,15.3,14.9,7,33.4
63.4,60.1,15.3,14.9,7.1,33.4
63.3,60.1,15.1,14.9,7.1,33.4
63.3,60.1,15.2,14.9,7.1,33.4
63.3,60.1,15.2,14.9,7.1,33.4
63.4,60.1,15.2,14.9,7,33.4
63.4,60.1,15.2,14.9,7,33.4
63.3,60.1,15.2,14.9,7,33.4
63.4,60.1,15.3,14.9,7.1,33.4
63.5,60.1,15.3,14.9,7,33.4
63.4,60.1,15.3,14.9,7,33.4
63.4,60.1,15.3,14.9,7,33.4
63.5,60.1,15.3,14.9,7,33.4
63.4,60.1,15.3,14.9,7.1,33.4
63.4,60.1,15.3,14.9,7,33.4
63.4,60.1,15.3,14.9,7,33.4
63.4,60.1,15.3,14.9,7,33.4
63.5,60.1,15.3,14.9,7.1,33.4
63.4,60.1,15.3,14.9,7,33.4
63.4,60.1,15.3,14.9,7,33.4
63.5,60.1,15.3,14.9,7,33.4
63.4,60.1,15.3,14.9,7,33.4
63.4,60.1,15.3,14.9,7,33.4
63.4,60.1,15.3,14.9,7,33.4
63.4,60.1,15.3,14.9,7,33.4
63.4,60.1,15.3,14.9,7,33.4
63.4,60.1,15.3,14.9,7,33.4
63.4,60.1,15.3,14.9,7.1,33.4
63.4,60.1,15.3,14.9,7,33.4
63.4,60.1,15.3,14.9,7,33.4
63.4,60.1,15.3,14.9,7,33.4
63.4,60.1,15.3,14.9,7,33.4
63.4,60.1,15.3,14.9,7,33.4
63.4,60.1,15.3,14.9,7,33.4
63.4,60.1,15.3,14.9,7,33.4
63.5,60.1,15.3,14.9,7,33.4
63.4,60.1,15.3,14.9,7,33.4
63.5,60.1,15.3,14.9,7,33.4
63.4,60.1,15.3,14.9,7,33.4
63.4,60.1,15.4,14.9,7,33.4
63.4,60.1,15.3,14.9,7,33.4
63.4,60.1,15.4,14.9,7,33.4
63.4,60.1,15.4,14.9,7,33.4
63.4,60.1,15.3,14.9,7,33.4
63.4,60.1,15.3,14.9,7,33.4
63.4,60.1,15.3,14.9,7,33.4
63.4,60.1,15.3,14.9,7,33.4
63.3,60.1,15.4,14.9,7,33.4
63.3,60.1,15.3,14.9,7,33.4
63.4,60.1,15.3,14.9,7,33.4
63.3,60.1,15.3,14.9,7,33.3
63.3,60.1,15.4,14.9,7.1,33.4
63.3,60.1,15.4,14.9,7,33.5
63.4,60.1,15.3,14.9,7,33.4
63.4,60.1,15.2,14.9,7,33.4
63.3,60.1,15.3,14.9,7,33.4
63.3,60.1,15.3,14.9,7.1,33.4
63.4,60.1,15.4,14.9,7,33.3
63.3,60.1,15.2,14.9,7,33.4
63.3,60.1,15.4,14.9,7,33.4
63.3,60.1,15.3,14.9,7,33.4
63.4,60.1,15.2,14.9,7,33.4
63.3,60.1,15.3,14.9,7.1,33.4
63.4,60.1,15.4,14.9,7,33.4
63.5,60.1,15.3,14.9,7,33.4
63.4,60.1,15.4,14.9,7,33.4
63.5,60.1,15.3,14.9,7.1,33.4
63.1,60.2,15.2,14.8,8,31.6
63,60.2,15.2,14.8,8,31.6
63.1,60.2,15.2,14.8,8.1,31.6
63.1,60.2,15.2,14.8,8.1,31.6
63.1,60.2,15.2,14.8,8,31.6
63,60.2,15.3,14.8,8,31.6
63,60.2,15.3,14.8,8,31.6
62.9,60.2,15.3,14.8,8,31.6
63,60,15.2,14.8,8.1,31.6
63,60,15.2,14.8,8,31.6
63,60,15.2,14.8,7.9,31.6
62.9,60,15.2,14.8,8,31.6
62.9,60,15.2,14.8,8,31.7
62.9,60,15.2,14.8,8,31.6
62.9,60,15.2,14.8,8.1,31.9
62.9,60,15.2,14.8,8.1,31.9
62.7,60,15.2,14.8,8,31.6
62.7,60,15.2,14.8,8,31.9
62.6,60,15.2,14.8,8,31.9
62.7,60,15.2,14.8,8,31.9
62.7,60,15.2,14.8,8.1,31.7
62.7,60,15.2,14.8,8.1,31.9
62.6,60,15.2,14.8,8,31.9
62.6,60,15.2,14.8,8,31.9
62.6,60,15.2,14.8,8,31.9
62.6,60,15.2,14.9,8,31.9
62.6,60,15.2,14.9,8,31.9
62.5,60,15.2,14.9,8,31.9
62.3,60,15.2,14.9,8,31.9
62.4,60,15.2,14.9,8,31.9
62.4,60,15.2,14.9,8.1,31.9
62.4,60,15.3,14.9,8.1,31.9
62.3,60,15.2,14.9,8,31.9
62.3,60,15.3,14.9,8,31.9
62.1,60,15.3,14.9,8,31.9
62.1,60,15.2,14.9,8.1,31.9
62,60,15.2,14.9,8,31.9
62.1,60,15.2,14.9,8,31.9
62,60,15.3,14.9,8,31.9
62,60,15.2,14.9,8,31.9
62,60,15.2,14.9,8.1,31.9
61.8,60,15.2,14.9,8.1,31.9
61.8,60,15.3,14.9,8,31.9
61.7,60,15.2,14.8,8.1,31.9
61.7,60,15.3,14.8,8,31.9
61.5,60,15.2,14.8,8.1,31.9
61.6,60,15.3,14.8,8,31.9
61.5,60,15.3,14.9,8,31.9
61.5,60,15.3,14.9,8,31.9
61.5,60,15.2,14.8,8,31.9
61.6,60,15.2,14.8,8.1,31.9
61.5,60,15.3,14.8,8,31.9
61.5,60,15.3,14.8,8,31.9
61.5,60,15.3,14.8,8,31.9
61.4,60,15.2,14.8,7.9,31.9
61.5,60,15.2,14.8,8.1,31.9
61.3,60,15.2,14.8,8,31.9
61.3,60,15.3,14.8,8,31.9
61.4,60,15.3,14.8,8,31.9
61.3,60,15.2,14.8,8,31.9
61.1,60,15.2,14.8,8.1,31.8
60.9,60,15.3,14.8,8,31.8
60.7,60,15.3,14.8,8,31.8
60.4,60,15.3,14.8,8,31.8
60.2,60,15.2,14.8,8,31.8
60,60,15.3,14.8,8,31.8
59.9,60,15.3,14.8,8,31.8
59.7,60,15.2,14.8,8,31.8
59.5,60,15.3,14.8,8,31.8
63.6,59.9,15.2,14.8,7.9,31.9
63.5,59.9,15.3,14.8,8,31.9
63.5,59.9,15.2,14.8,8,31.9
63.5,59.9,15.2,14.8,7.9,31.9
63.3,59.9,15.2,14.8,8,31.9
63.4,59.9,15.2,14.8,7.9,31.9
63.4,59.9,15.2,14.8,8,31.9
63.4,59.9,15.2,14.8,7.9,31.9
63.4,59.9,15.2,14.8,8,31.9
63.3,60.1,15.3,14.8,7.9,31.9
63.4,60.1,15.2,14.8,8,31.9
63.4,60.1,15.2,14.8,8,31.9
63.3,60.1,15.2,14.8,8,31.9
63.3,60.1,15.3,14.8,7.9,31.9
63.3,60.1,15.3,14.8,8,31.9
63.3,60.1,15.2,14.8,8,31.9
63.3,60.1,15.3,14.8,8,32
63.3,60.1,15.3,14.8,8,32
63.4,60.1,15.2,14.8,8,32
63.3,60.1,15.2,14.8,8,32
63.3,60.1,15.2,14.8,8,32
63.3,60.1,15.3,14.8,7.9,32
63.4,60.1,15.2,14.8,8,32
63.3,60.1,15.3,14.8,8,32
63.4,60.1,15.3,14.8,8,32
63.4,60.1,15.2,14.8,8,32
63.5,60.1,15.2,14.8,8,32
63.5,60.1,15.3,14.8,8,32
63.4,60.1,15.3,14.8,8,32
63.4,60.1,15.3,14.8,7.9,32
63.5,60.1,15.3,14.8,7.9,32
63.5,60.1,15.3,14.8,8,32
63.6,60.1,15.3,14.8,8,32
63.5,60.1,15.2,14.8,7.9,32
63.4,60.1,15.2,14.8,8,32
63.5,60.1,15.2,14.8,8,32
63.4,60.1,15.2,14.8,7.9,32
63.5,60.1,15.3,14.8,8,32
63.5,60.1,15.3,14.8,8,32
63.4,60.1,15.2,14.8,7.9,32
63.5,60.1,15.3,14.8,8,32
63.6,60.1,15.3,14.8,8,32
63.5,60.1,15.2,14.8,7.9,32
63.6,60.1,15.3,14.8,7.9,32
63.6,60.1,15.3,14.8,7.9,32
63.6,60.1,15.2,14.8,8,32
63.6,60.1,15.3,14.8,8,32
63.6,60.1,15.3,14.8,7.9,32
63.7,60,16.3,14.9,9.1,30.6
63.6,60,16.2,14.9,9.1,30.8
63.7,60,16.3,14.9,9,30.8
63.7,60,16.4,14.9,9,30.6
63.6,60,16.3,14.9,9,30.6
63.7,60,16.5,14.9,9.1,30.6
63.7,60,16.6,14.9,9,30.6
63.7,60,16.6,14.9,9.1,30.6
63.7,60,16.6,14.9,9,30.6
63.8,60,16.6,14.9,9.1,30.6
63.7,60,16.6,14.9,9,30.6
63.7,60,16.6,14.9,9,30.6
63.7,60,16.6,14.9,9,30.6
63.7,60,16.6,14.9,9,30.6
63.6,60,16.6,14.9,9.1,30.6
63.6,60,16.7,14.9,9.1,30.6
63.7,60,16.7,14.9,9,30.6
63.7,60,17,14.9,9.1,30.8
63.7,60,17,14.9,9.1,30.6
63.7,60,17.1,14.9,9,30.6
63.6,60,17.3,14.9,9.1,30.6
63.8,60,17.5,14.9,9,30.6
63.7,60,17.9,14.9,9,30.6
63.6,60,18.3,14.9,9.1,30.6
63.8,60,18.5,14.9,9.1,30.6
63.7,60,19.1,14.9,9,30.6
63.7,60,19.4,14.9,9.1,30.6
63.6,60,19.8,14.9,9.1,30.6
63.7,60,20.4,14.9,9.1,30.6
63.6,60,21,14.9,9.1,30.6
63.7,60,21.7,14.9,9,30.6
63.7,60,22.3,14.9,9.1,30.6
63.8,60,23.1,14.9,9,30.6
63.7,60,23.6,14.9,9,30.6
63.8,60,24.2,14.9,9.1,30.6
63.7,60,24.9,14.9,9.1,30.6
63.6,60,25.3,14.9,9,30.6
63.7,60,25.8,14.9,9,30.6
63.5,60,26.2,14.9,9.1,30.6
63.5,60,26.7,14.9,9,30.6
63.7,60,27.1,14.9,9.1,30.6
63.6,60,27.3,14.9,9.1,30.6
63.6,60,27.6,14.9,9.1,30.6
63.7,60,27.8,14.9,9,30.6
63.6,60,27.8,14.9,9,30.6
63.6,60,27.9,14.9,9.1,30.6
63.6,60,28,14.9,9,30.6
63.6,60,28.1,14.9,9.1,30.6
63.6,60,28.2,14.9,9,30.6
63.6,60,28.3,14.9,9,30.6
63.6,60,28.3,14.9,9,30.6
63.6,60,28.5,14.9,9,30.6
63.8,60,28.6,14.9,9,30.6
63.6,60,28.6,14.9,9,30.8
63.8,60,28.4,14.9,9.1,30.6
63.6,60,28.3,14.9,9.1,30.6
63.7,60,28.2,14.9,9,30.6
63.6,60,28,14.9,9,30.8
63.5,60,28,14.9,9,30.8
63.7,60,28,14.9,9.1,30.6
63.6,60,27.8,14.9,9,30.6
63.7,60,27.8,14.9,9,30.6
63.6,60,27.8,14.9,9.1,30.6
63.7,60,27.8,14.9,9.1,30.7
63.7,60,27.7,14.9,9.1,30.5
63.6,60,27.7,14.9,9.1,30.8
63.6,60,27.7,14.9,9,30.8
63.8,60,27.7,14.9,9,30.5
63.6,60,27.5,15.1,9.1,30.5
63.7,60,27.5,15.1,9.1,30.5
63.7,60,27.4,15.1,9.1,30.7
63.7,60.1,15.2,14.8,8.9,30.4
63.7,60.1,15.2,14.8,9,30.4
63.6,60.1,15.2,14.8,9,30.4
63.6,60.1,15.3,14.8,9,30.4
63.7,60.1,15.3,14.8,9,30.4
63.8,60.1,15.3,14.8,8.9,30.4
63.8,60.1,15.3,14.8,8.9,30.4
63.7,60.1,15.3,14.8,8.9,30.5
63.7,60.1,15.3,14.8,9,30.5
63.6,60.1,15.2,14.8,8.9,30.5
63.7,60.1,15.2,14.8,9,30.5
63.7,60.1,15.2,14.8,8.9,30.5
63.7,60.1,15.3,14.8,9,30.5
63.6,60.1,15.3,14.8,9,30.5
63.7,60.1,15.3,14.8,9,30.5
63.8,60.1,15.2,14.8,9,30.5
63.8,60.1,15.2,14.8,9,30.5
63.7,60.1,15.2,14.8,9,30.5
63.6,60.1,15.2,14.8,9,30.5
63.6,60,15.3,14.8,8.9,30.5
63.6,60,15.2,14.8,9,30.5
63.7,60,15.3,14.8,9,30.5
63.7,60,15.2,14.8,9,30.5
63.8,60,15.2,14.8,9,30.5
63.8,60,15.2,14.8,9,30.5
63.8,60,15.3,14.8,9,30.5
63.8,60,15.2,14.8,9,30.5
63.8,60,15.2,14.8,9,30.5
63.7,60,15.2,14.8,9,30.5
63.8,60,15.2,14.6,9,30.4
63.8,60,15.2,14.6,8.9,30.4
63.8,60,15.2,14.6,9,30.4
63.7,60.2,15.3,14.8,9,30.4
63.7,60.2,15.2,14.8,9,30.4
63.6,60.2,15.2,14.8,9,30.4
63.7,60.2,15.2,14.8,9,30.4
63.7,60.2,15.2,14.8,9,30.4
63.7,60.2,15.2,14.8,8.9,30.4
63.7,60.2,15.3,14.8,8.9,30.5
63.8,60.2,15.2,14.8,9,30.4
63.7,60.2,15.2,14.8,9,30.4
63.7,60.2,15.2,14.9,9,30.4
63.7,60.2,15.2,14.8,8.9,30.4
63.7,60.2,15.2,14.8,9,30.4
63.7,60.2,15.2,14.8,9,30.5
63.8,60.2,15.2,14.8,9,30.5
63.7,60.2,15.2,14.8,8.9,30.5
63.7,60.2,15.2,14.8,8.9,30.5
63.8,60.2,15.2,14.8,9,30.5
63.7,59.9,15.3,14.8,9,30.5
63.7,59.9,15.2,14.8,8.9,30.5
63.7,60.2,15.3,14.8,9,30.5
63.7,60.2,15.2,14.8,9,30.5
63.7,60.2,15.2,14.8,9,30.5
63.7,60.2,15.2,14.8,9,30.5
63.7,60,15.2,14.8,8.9,30.5
63.7,60,15.2,14.8,9,30.5
63.7,60,15.2,14.8,9,30.5
63.7,60,15.2,14.8,8.9,30.5
63.7,60,15.1,14.8,8.9,30.5
63.7,60,15.2,14.8,9,30.5
63.7,60,15.1,14.8,9,30.5
63.6,60,15.2,14.8,8.9,30.5
63.7,60,15.1,14.8,8.9,30.5
63.7,60,15.2,14.8,9,30.5
63.7,60,15.2,14.8,9,30.5
63.7,60,15.1,14.8,9,30.5
63.7,60,15.2,14.8,9,30.5
63.6,60,15.1,14.8,8.9,30.5
63.7,60,15.2,14.8,9,30.5
63.7,60,15.1,14.8,9,30.5
63.7,60,15.2,14.8,8.9,30.5
63.7,60,15.2,14.8,9,30.5
63.6,60,15.2,14.8,9,30.5
63.6,60,15.2,14.8,9,30.5
63.7,60,15.2,14.8,9,30.5
63.6,60,15.1,14.8,9,30.5
63.5,60,15.1,14.8,9,30.5
63.7,60,15.2,14.8,9,30.5
63.6,60,15.1,14.8,9,30.5
63.7,60,15.2,14.8,9,30.5
63.8,60,15.2,14.8,9,30.5
63.7,60,15.2,14.8,9,30.5
63.7,60,15.1,14.8,8.9,30.7
63.6,60.2,15.1,14.8,8.9,30.5
63.6,60.2,15.2,14.8,9,30.5
63.7,60.2,15.2,14.8,9,30.5
63.7,60.2,15.2,14.8,9,30.5
63.6,60.2,15.1,14.8,9,30.5
63.7,60.2,15.2,14.8,9,30.5
63.6,60.2,15.2,14.8,8.9,30.5
63.6,60.2,15.2,14.8,8.9,30.5
63.7,60.2,15.2,14.8,9,30.6
63.6,60.2,15.2,14.8,9,30.5
63.6,60.2,15.2,14.8,9,30.5
63.6,60.2,15.2,14.8,8.9,30.7
63.7,60,15.2,14.8,9,30.4
63.7,60,15.2,14.9,8.9,30.1
63.6,60.2,15.2,14.9,9,30.1
63.6,60.2,15.2,14.9,9,30.1
63.7,60.2,15.2,14.9,9,30.1
63.6,60.2,15.2,14.9,8.9,30.1
63.6,60.2,15.2,14.9,9,30.1
63.5,60.2,15.1,14.9,8.9,30.1
63.5,60.2,15.1,14.9,9,30.1
63.4,60.2,15.1,14.9,8.9,30.1
63.6,60.2,15.2,14.9,9,30.1
63.6,60.2,15.3,14.9,8.9,30.1
63.5,60.2,15.3,14.9,9,30.5
63.7,60.2,15.2,14.9,9,30.3
63.6,60.2,15.3,14.9,9,30.3
63.6,60.2,15.2,14.9,9,30.3
63.5,60.2,15.2,14.9,9,30.3
63.5,59.9,15.2,14.9,9,30.3
63.5,59.9,15.2,14.9,8.9,30.5
63.5,59.9,15.2,14.9,8.9,30.5
63.6,59.9,15.2,14.9,9,30.5
63.5,59.9,15.2,14.9,8.9,30.5
63.6,59.9,15.2,14.9,9,30.5
63.6,59.9,15.2,14.9,8.9,30.7
63.6,59.9,15.2,14.9,8.9,30.4
63.5,59.9,15.2,14.9,9,30.4
63.5,59.9,15.3,14.9,9,30.4
63.4,59.9,15.2,14.9,9,30.4
63.4,59.9,15.2,14.9,9,30.4
63.4,59.9,15.2,14.9,9,30.4
63.4,59.9,15.2,14.9,9,30.4
63.4,59.9,15.2,14.9,8.9,30.4
63.5,59.9,15.2,14.9,8.9,30.4
63.4,59.9,15.2,14.9,9,30.3
63.4,59.9,15.2,14.9,9,30.3
63.4,59.9,15.2,14.9,9,30.3
63.4,59.9,15.2,14.9,9,30.3
63.4,59.9,15.2,14.9,9,30.3
63.3,59.9,15.2,14.9,9,30.5
63.5,59.9,15.2,14.9,9,30.5
63.4,59.9,15.2,14.9,9,30.5
63.4,59.9,15.2,14.9,9,30.6
63.3,59.9,15.2,14.9,9,30.5
63.6,60,15.3,14.8,10,29.3
63.6,60,15.4,14.8,10,29.3
63.5,60,15.2,14.8,10,29.3
63.5,60,15.3,14.8,10,29.5
63.5,60,15.3,14.8,10,29.4
63.6,59.9,15.4,14.8,10.1,29.4
63.7,59.9,15.4,14.8,10.1,29.4
63.5,60,15.3,14.8,10,29.3
63.5,60,15.4,14.8,10,29.3
63.5,60,15.3,14.8,10,29.3
63.5,60,15.3,14.8,10,29.3
63.6,60,15.3,14.8,10,29.3
63.5,60,15.3,14.8,10,29.3
63.5,60,15.3,14.8,10,29.3
63.5,60,15.4,14.8,10,29.3
63.5,60,15.3,14.8,10,29.3
63.5,60,15.5,14.8,9.9,29.3
63.6,59.9,15.3,14.8,10,29.3
63.5,59.9,15.3,14.8,10,29.3
63.6,59.9,15.4,14.8,10.1,29.3
63.5,59.9,15.3,14.8,10,29.6
63.5,59.9,15.3,14.8,10,29.3
63.5,59.9,15.3,14.8,10.1,29.3
63.5,59.9,15.3,14.8,10,29.3
63.5,59.9,15.3,14.8,10,29.3
63.5,60,15.4,14.8,10.1,29.4
63.4,60,15.3,14.8,10,29.4
63.5,60,15.4,14.8,10,29.6
63.4,60,15.3,14.8,10,29.6
63.5,60,15.3,14.8,10,29.6
63.5,59.9,15.4,14.8,10,29.4
63.6,60,15.4,14.8,10.1,29.6
63.6,60,15.3,14.8,10,29.6
63.5,60,15.3,14.8,10.1,29.4
63.5,60,15.4,14.8,10,29.4
63.4,60,15.3,14.8,10,29.6
63.5,60,15.3,14.8,10,29.4
63.5,59.9,15.3,15,10,29.4
63.4,59.9,15.3,15,10.1,29.4
63.5,59.9,15.4,14.8,10,29.4
63.5,59.9,15.3,14.8,10,29.4
63.4,59.9,15.4,14.8,10,29.4
63.5,59.9,15.3,14.8,10,29.4
63.5,59.9,15.4,14.8,10.1,29.4
63.5,59.9,15.4,14.8,10,29.4
63.4,59.9,15.4,14.8,10,29.4
63.5,59.9,15.4,14.8,10,29.6
63.6,59.9,15.3,14.8,10,29.5
63.6,59.9,15.4,14.8,10.1,29.5
63.5,59.9,15.3,14.8,10.1,29.4
63.6,59.9,15.4,14.8,10,29.5
63.6,59.9,15.3,14.8,10,29.4
63.6,59.9,15.4,14.8,10,29.4
63.5,59.9,15.4,14.8,10,29.4
63.5,59.9,15.3,14.8,10,29.5
63.5,60,15.4,14.8,10,29.5
63.5,60,15.3,14.8,9.9,29.4
63.4,60,15.4,14.8,10,29.5
63.4,59.9,15.4,14.8,10,29.5
63.6,59.9,15.4,14.8,10,29.5
63.6,59.9,15.3,14.8,10,29.5
63.5,59.9,15.3,14.8,10,29.5
63.5,59.9,15.4,14.8,10,29.5
63.5,59.9,15.3,14.8,10,29.5
63.5,60,15.4,14.8,10,29.5
63.5,59.9,15.4,14.8,10,29.5
63.5,59.9,15.4,14.8,10,29.5
63.5,60,15.4,14.8,10,29.5
63.5,60,15.4,14.8,10,29.5
63.5,60,15.4,14.8,10,29.5
63.5,60,15.4,14.8,10,29.5
63.5,60,15.4,14.8,10,29.5
63.5,60,15.4,14.8,10,29.5
63.5,60,15.4,14.8,9.9,29.5
63.5,59.9,15.4,14.8,10,29.5
63.5,59.9,15.4,14.8,10,29.5
63.4,59.9,15.4,14.8,10,29.5
63.5,59.9,15.4,14.8,10,29.5
63.5,59.9,15.4,14.8,10,29.5
63.5,59.9,15.3,14.8,10,29.5
63.5,59.9,15.3,14.8,10,29.5
63.5,59.9,15.4,14.8,10,29.5
63.5,59.9,15.4,14.8,10,29.5
63.5,59.9,15.3,14.8,10,29.5
63.5,59.9,15.4,14.8,10,29.5
63.5,59.9,15.5,14.8,10.1,29.5
63.5,59.9,15.4,14.8,10,29.5
63.4,59.9,15.4,15,10,29.5
63.4,59.9,15.3,15,10.1,29.5
63.5,59.9,15.3,15,10,29.5
63.4,59.9,15.5,15,10,29.5
